Game;Status
Desolatium PS4;Premiera 13/10/2023
The Sisters 2 Road to Fame PS4;Premiera 05/10/2023
Survivor Castaway Island PS4;Premiera 03/10/2023
Talisman 40th Anniversary Collection PS4;Premiera 29/09/2023
Agatha Christie Murder on the Orient Express Deluxe Edition PS4;Premiera 19/10/2023
Disgaea 7 Vows of the Virtueless Deluxe Edition PS4;Premiera 06/10/2023
Crymachina Deluxe Edition PS4;Premiera 27/10/2023
Ufo Robot Grendizer The Feast of the Wolves PS4;Premiera 14/11/2023
Naruto x Boruto Ultimate Ninja Storm Connections Collectors Edition PS4;Premiera 17/11/2023
Naruto x Boruto Ultimate Ninja Storm Connections Ultimate Edition PS4;Premiera 17/11/2023
Naruto x Boruto Ultimate Ninja Storm Connections PS4;Premiera 17/11/2023
Let’s Sing 2024 + 2 mikrofony PS4;Premiera 07/11/2023
Let’s Sing 2024 PS4;Premiera 07/11/2023
Asterix & Obelix Slap Them All! 2 PS4;Premiera 31/12/2023
Persona 3 Reload PS4;Premiera 02/02/2024
DreamWorks Trolls Remix Rescue PS4;Premiera 03/11/2023
Super Crazy Rhythm Castle PS4;Premiera 31/12/2023
Nickelodeon All-Star Brawl 2 PS4;Premiera 03/11/2023
DreamWorks All-Star Kart Racing PS4;Premiera 03/11/2023
Skull Island Rise of Kong PS4;Premiera 17/10/2023
House Flipper Pets Edition PS4;Premiera 22/09/2023
Hammerwatch II The Chronicles Edition PS4;Premiera 30/09/2023
Baby Shark Sing and Swim Party PS4;Premiera 15/09/2023
Avatar The Last Airbender Quest for Balance PS4;Premiera 22/09/2023
Like a Dragon Gaiden The Man Who Erased His Name Limited Edition PS4;Premiera 09/11/2023
Harvest Moon The Winds of Anthos PS4;Premiera 06/10/2023
Like a Dragon Gaiden The Man Who Erased His Name PS4;Premiera 09/11/2023
Red Dead Redemption PS4;Premiera 13/10/2023
Call of Duty Modern Warfare III PS4;Premiera 10/11/2023
Farming Simulator 22 Premium Edition PS4;Premiera 14/11/2023
Jumanji Wild Adventures PS4;Premiera 03/11/2023
Star Ocean The Second Story R PS4;Premiera 02/11/2023
Transformers Earth Spark Expedition PS4;Premiera 13/10/2023
The Grinch Christmas Adventures PS4;Premiera 13/10/2023
Fortnite Pakiet Transformers (Kod w pudełku) PS4;Premiera 13/10/2023
Star Trek Resurgence PS4;Premiera 06/10/2023
Paw Patrol World PS4;Premiera 29/09/2023
Days of Doom PS4;Premiera 22/09/2023
Sonic Superstars PS4;Premiera 17/10/2023
Persona 5 Tactica PS4;Premiera 17/11/2023
Paleo Pines The Dino Valley PS4;Premiera 26/09/2023
Koa and the Five Pirates of Mara PS4;Premiera 29/09/2023
Koa and the Five Pirates of Mara Collector's Edition PS4;Premiera 29/09/2023
My Time at Sandrock Collector's Edition PS4;Premiera 02/11/2023
My Time at Sandrock PS4;Premiera 02/11/2023
Cry Babies Magic Tears The Big Game PS4;Premiera 29/09/2023
Vernal Edge PS4;Premiera 29/09/2023
Battle of Rebels PS4;Premiera 29/09/2023
Dolphin Spirit Ocean Mission PS4;Premiera 28/09/2023
Bud Spencer and Terence Hill Slaps and Beans 2 PS4;Premiera 22/09/2023
Lord Winklebottom Investigates PS4;Premiera 06/10/2023
Harvest Days My Dream Farm PS4;Premiera 29/09/2023
Inspector Gadget Mad Time Party PS4;Premiera 29/09/2023
EA Sports FC 24 PS4;Premiera 29/09/2023
Gylt Collectors Edition PS4;Premiera 29/09/2023
Gylt PS4;Premiera 29/09/2023
Fate/Samurai Remnant PS4;Premiera 29/09/2023
Prince of Persia The Lost Crown PS4;Premiera 18/01/2024
Tintin Reporter Cigars of the Pharaoh Edycja Kolekcjonerska PS4;Premiera 07/11/2023
Tintin Reporter Cigars of the Pharaoh Edycja Limitowana PS4;Premiera 07/11/2023
Smerfy 2 Więzień Zielonego Kamienia PS4;Premiera 02/11/2023
Nobunaga's Ambition Awakening (import) PS4;Premiera 21/07/2023
Skautfold Usurper PS4;Premiera 06/10/2023
Human Fall Flat Dream Collection PS4;Premiera 29/09/2023
Sword Art Online Last Recollection PS4;Premiera 06/10/2023
Hot Wheels Unleashed 2 Edycja Pure Fire PS4;Premiera 19/10/2023
Hot Wheels Unleashed 2 Edycja Day One PS4;Premiera 19/10/2023
Rainbow High Runway Rush PS4;Premiera 22/09/2023
Death or Treat PS4;Premiera 30/09/2023
Noob The Factionless PS4;Premiera 29/06/2023
Goodbye World PS4;Premiera 30/06/2023
Classic Racers Elite PS4;Premiera 30/06/2023
R-Type Tactics I and II Cosmos Deluxe Edition PS4;Premiera 14/11/2023
Raiden III x MIKADO MANIAX Deluxe Edition] PS4;Premiera 09/06/2023
Skabma Snowfall PS4;Premiera 29/09/2023
Garden Simulator PS4;Premiera 19/05/2023
RWBY Arrowfell (import) PS4;Premiera 25/05/2023
Greyhill Incident Abducted Edition PS4;Premiera 31/12/2023
Endless Dungeon Day One Edition PS4;Premiera 19/10/2023
Omori PS4;Premiera 31/12/2023
Minecraft Legends Deluxe Edition PS4;Premiera 18/04/2023
Assassin's Creed Mirage Deluxe Edition PS4;Premiera 05/10/2023
The Legend of Nayuta Boundless Trails Deluxe Edition PS4;Premiera 26/09/2023
Spirit Hunter Death Mark 2 PS4;Premiera 05/10/2023
Inescapable PS4;Premiera 26/10/2023
Broken Pieces PS4;Premiera 24/02/2023
Truck & Logistics Simulator PS4;Premiera 29/09/2023
Mortal Shell PS4;Premiera 24/02/2023
41 Hours PS4;Premiera 28/07/2023
Frank and Drake PS4;Premiera 19/10/2023
Hunt Showdown Limited Bounty Hunter Edition PS4;Premiera 24/02/2023
Metal Tales Overkill PS4;Premiera 25/08/2023
Flashback Collector Edition PS4;Premiera 31/03/2023
Werewolf The Apocalypse Heart of the Forest PS4;Premiera 13/10/2023
The Walking Dead Saints & Sinners - Chapter 2 Retribution Payback Edition PS4;Premiera 31/12/2023
You Suck at Parking PS4;Premiera 31/12/2023
JoJo Siwa Worldwide Party PS4;Premiera 21/10/2022
Operation Wolf Returns First Mission PS4;Premiera 21/09/2023
Bunny Park PS4;Premiera 03/11/2022
Marvel's Midnight Suns Standard Edition PS4;Premiera 31/12/2023
Assassin's Creed Mirage PS4;Premiera 05/10/2023
Tin Hearts PS4;Premiera 31/12/2023
Seed of Life PS4;Premiera 24/10/2023
Souldiers PS4;Premiera 03/03/2023
Mozart Requiem PS4;Premiera 09/09/2022
Are You Smarter Than A 5th Grader? PS4;Premiera 23/08/2022
Arcadegeddon PS4;Premiera 16/09/2022
Humankind Heritage Edition PS4;Premiera 31/12/2023
Vampire The Masquerade Coteries of New York / Shadows of New York Collector's Edition PS4;Premiera 29/09/2023
Vampire The Masquerade Coteries of New York / Shadows of New York PS4;Premiera 29/09/2023
Bibi & Tina New Adventures With Horses PS4;Premiera 29/07/2022
Life in Willowdale Farm Adventures PS4;Premiera 21/10/2022
Flashback 2 PS4;Premiera 16/11/2023
Syberia The World Before PS4;Premiera 12/10/2023
Puzzle Bobble 3D Vacation Odyssey PS4;Premiera 09/09/2022
The Quest for Excalibur Puy du Fou PS4;Premiera 12/07/2022
Angry Alligator PS4;Premiera 28/04/2022
Alchemic Cutie PS4;Premiera 23/06/2023
Ryan's Rescue Squad PS4;Premiera 04/03/2022
Breathedge PS4;Premiera 25/02/2022
Ever Forward PS4;Premiera 25/03/2022
Rocksmith+ PS4;Premiera 31/12/2023
Alpaca Ball Allstars Collector's Edition PS4;Premiera 31/12/2023
Alpaca Ball Allstars PS4;Premiera 31/12/2023
Oniria Crimes PS4;Premiera 31/12/2023
Curved Space PS4;Premiera 13/07/2021
Prince of Persia The Sands of Time Remake PS4;Premiera 31/12/2023
Zengeon PS4;Premiera 26/08/2022
Torchlight II PS4;Premiera 31/12/2023
Buildings Have Feelings Too! PS4;Premiera 31/12/2023
Paranoia Happiness is Mandatory PS4;Premiera 31/12/2023
Agatha Christie Hercule Poirot The London Case PS4;Wysyłka w 24h
Uncharted The Nathan Drake Collection PL napisy PS4;Wysyłka w 24h
Helldivers Super-Earth Ultimate Edition PS4;Wysyłka w 24h
Blazblue Cross Tag Battle Special Edition PS4;Wysyłka w 24h
Under The Waves PS4;Wysyłka w 24h
Moving Out 2 PS4;Wysyłka w 24h
Monochrome Mobius Rights and Wrongs Forgotten Deluxe Edition PS4;Wysyłka w 24h
The Crew Motorfest PS4;Wysyłka w 24h
R-Type Final 2 PS4;Wysyłka w 24h
Just Dance 2022 PS4;Wysyłka w 24h
NBA 2K24 Kobe Bryant Edition PS4;Wysyłka w 24h
Zapling Bygone Deluxe Edition PS4;Wysyłka w 24h
Double Dragon Gaiden Rise of the Dragons PS4;Wysyłka w 24h
Tchia Oleti Edition PS4;Wysyłka w 24h
Smurfs Smerfy Misja Złoliść Edycja Smerfastyczna PL/ANG PS4;Wysyłka w 24h
Ghost Song PS4;Wysyłka w 24h
Armored Core VI Fires of Rubicon Launch Edition PS4;Wysyłka w 24h
Exoprimal PS4;Wysyłka w 24h
Sekiro Shadows Die Twice Game of the Year (import) PS4;Wysyłka w 24h
Psikyo Shooting Library Vol. 1 PS4;Wysyłka w 24h
TT Isle Of Man Ride on the Edge 3 PS4;Wysyłka w 24h
LEGO 2K Drive PS4;Wysyłka w 24h
F1 23 PS4;Wysyłka w 24h
Chronicles of 2 Heroes Amaterasu's Wrath PS4;Wysyłka w 24h
Starsand PS4;Wysyłka w 24h
Catmaze PS4;Wysyłka w 24h
Vengeful Guardian Moonrider PS4;Wysyłka w 24h
Sword of the Vagrant PS4;Wysyłka w 24h
BATSUGUN Saturn Tribute Boosted PS4;Wysyłka w 24h
UnMetal PS4;Wysyłka w 24h
Crash Team Rumble Edycja Deluxe PS4;Wysyłka w 24h
Sonic Origins Plus PS4;Wysyłka w 24h
Lies of P PS4;Wysyłka w 24h
The Knight Witch Deluxe Edition PS4;Wysyłka w 24h
Celeste PS4;Wysyłka w 24h
Tunic PS4;Wysyłka w 24h
The Elder Scrolls Online Elsweyr ANG/ES/IT PS4;Wysyłka w 24h
Rayman Legends PS4;Wysyłka w 24h
Shadow Warrior 3 Definitive Edition PS4;Wysyłka w 24h
The Walking Dead The Telltale Series A New Frontier PS4;Wysyłka w 24h
Blood Bowl 3 Brutal Edition PS4;Wysyłka w 24h
Street Fighter 6 PS4;Wysyłka w 24h
Labyrinth of Galleria The Moon Society PS4;Wysyłka w 24h
"Void* tRrLM2(); //Void Terrarium 2 [Deluxe Edition] PS4";Wysyłka w 24h
Little Witch Nobeta PS4;Wysyłka w 24h
Eiyuden Chronicle Rising PS4;Wysyłka w 24h
God of Rock PS4;Wysyłka w 24h
DC Justice League Cosmic Chaos PS4;Wysyłka w 24h
Like a Dragon Ishin! PS4;Wysyłka w 24h
Diablo IV + bonus! PS4;Wysyłka w 24h
Risen PS4;Wysyłka w 24h
Resident Evil 4 Remake PS4;Wysyłka w 24h
Cuphead PS4;Wysyłka w 24h
MeteoHeroes Saving Planet Earth! PS4;Wysyłka w 24h
Colt Canyon PS4;Wysyłka w 24h
Stray PS4;Wysyłka w 24h
Yum Yum Cookstar PS4;Wysyłka w 24h
Octopath Traveler II PS4;Wysyłka w 24h
Let’s Sing presents ABBA + 2 mikrofony PS4;Wysyłka w 24h
One Piece Odyssey PS4;Wysyłka w 24h
Theatrhythm Final Bar Line PS4;Wysyłka w 24h
DARQ Ultimate Edition PS4;Wysyłka w 24h
New Tales from the Borderlands PS4;Wysyłka w 24h
Horse Tales Emerald Valley Ranch PS4;Wysyłka w 24h
Dragon Ball The Breakers Special Edition PS4;Wysyłka w 24h
PGA Tour 2K23 PS4;Wysyłka w 24h
Gungrave G.O.R.E Edycja Premierowa PS4;Wysyłka w 24h
Sonic Frontiers PS4;Wysyłka w 24h
Tactics Ogre Reborn PS4;Wysyłka w 24h
